{"cameraMode":{"drawMode":0,"name":"Shaded","section":"Shading Mode"},"sceneLighting":false,"audioPlay":false,"sceneViewState":{"showFog":true,"showMaterialUpdate":false,"showSkybox":false,"showFlares":true,"showImageEffects":true,"showParticleSystems":true},"in2DMode":false,"pivot":{"x":1.5667222738265992,"y":0.5477848649024963,"z":0.28083354234695437},"rotation":{"x":0.0074005164206027988,"y":-0.7986980676651001,"z":0.009835848584771157,"w":0.6016563773155212},"size":0.8381454944610596,"orthographic":false}