{"cameraMode":{"drawMode":0,"name":"Shaded","section":"Shading Mode"},"sceneLighting":false,"audioPlay":false,"sceneViewState":{"showFog":true,"showMaterialUpdate":false,"showSkybox":false,"showFlares":true,"showImageEffects":true,"showParticleSystems":true},"in2DMode":false,"pivot":{"x":739.7498168945313,"y":29.511310577392579,"z":44.200111389160159},"rotation":{"x":-0.006621440872550011,"y":0.9907554388046265,"z":-0.05236907675862312,"w":-0.125198096036911},"size":31.535783767700197,"orthographic":false}