{"cameraMode":{"drawMode":0,"name":"Shaded","section":"Shading Mode"},"sceneLighting":false,"audioPlay":false,"sceneViewState":{"showFog":true,"showMaterialUpdate":false,"showSkybox":false,"showFlares":true,"showImageEffects":true,"showParticleSystems":true},"in2DMode":false,"pivot":{"x":-92.99958801269531,"y":1.7169158458709717,"z":-110.68014526367188},"rotation":{"x":-0.07698836922645569,"y":-0.12646780908107758,"z":-0.009843616746366024,"w":0.9889574646949768},"size":0.9795388579368591,"orthographic":false}