{"cameraMode":{"drawMode":0,"name":"Shaded","section":"Shading Mode"},"sceneLighting":false,"audioPlay":false,"sceneViewState":{"showFog":true,"showMaterialUpdate":false,"showSkybox":false,"showFlares":true,"showImageEffects":true,"showParticleSystems":true},"in2DMode":false,"pivot":{"x":311.8145446777344,"y":5.415072441101074,"z":1339.4295654296875},"rotation":{"x":0.0806022435426712,"y":0.009566335007548333,"z":0.0007602215046063066,"w":-0.9967276453971863},"size":39.39726257324219,"orthographic":false}