{"cameraMode":{"drawMode":0,"name":"Shaded","section":"Shading Mode"},"sceneLighting":false,"audioPlay":false,"sceneViewState":{"showFog":true,"showMaterialUpdate":false,"showSkybox":false,"showFlares":true,"showImageEffects":true,"showParticleSystems":true},"in2DMode":false,"pivot":{"x":-0.19122833013534547,"y":0.4020117521286011,"z":0.08381903171539307},"rotation":{"x":-0.35936546325683596,"y":0.03244904801249504,"z":-0.012505213730037213,"w":-0.9325821399688721},"size":0.858298122882843,"orthographic":false}