{"cameraMode":{"drawMode":0,"name":"Shaded","section":"Shading Mode"},"sceneLighting":false,"audioPlay":false,"sceneViewState":{"showFog":true,"showMaterialUpdate":false,"showSkybox":false,"showFlares":true,"showImageEffects":true,"showParticleSystems":true},"in2DMode":false,"pivot":{"x":-1.966512680053711,"y":4.1489057540893559,"z":-0.019359588623046876},"rotation":{"x":0.0806022435426712,"y":0.009566335007548333,"z":0.0007602215046063066,"w":-0.9967276453971863},"size":25.110172271728517,"orthographic":false}