{"cameraMode":{"drawMode":0,"name":"Shaded","section":"Shading Mode"},"sceneLighting":false,"audioPlay":false,"sceneViewState":{"showFog":true,"showMaterialUpdate":false,"showSkybox":false,"showFlares":true,"showImageEffects":true,"showParticleSystems":true},"in2DMode":false,"pivot":{"x":78.54845428466797,"y":15.771076202392579,"z":51.593082427978519},"rotation":{"x":-0.39119064807891848,"y":-0.039757318794727328,"z":0.016916677355766298,"w":-0.9193286299705505},"size":1.2027275562286378,"orthographic":false}