{"cameraMode":{"drawMode":0,"name":"Shaded","section":"Shading Mode"},"sceneLighting":true,"audioPlay":false,"sceneViewState":{"showFog":true,"showMaterialUpdate":false,"showSkybox":true,"showFlares":true,"showImageEffects":true,"showParticleSystems":true},"in2DMode":false,"pivot":{"x":333.024658203125,"y":-23.702089309692384,"z":543.0416259765625},"rotation":{"x":0.14160363376140595,"y":-0.07796378433704376,"z":0.011130723170936108,"w":0.9868763089179993},"size":833.9739379882813,"orthographic":false}