{"cameraMode":{"drawMode":0,"name":"Shaded","section":"Shading Mode"},"sceneLighting":false,"audioPlay":false,"sceneViewState":{"showFog":true,"showMaterialUpdate":false,"showSkybox":false,"showFlares":true,"showImageEffects":true,"showParticleSystems":true},"in2DMode":false,"pivot":{"x":-0.011959075927734375,"y":4.200423240661621,"z":-0.8880195617675781},"rotation":{"x":-0.013102052733302117,"y":-0.9852483868598938,"z":0.14619509875774384,"w":-0.08830979466438294},"size":29.797277450561525,"orthographic":false}