{"cameraMode":{"drawMode":0,"name":"Shaded","section":"Shading Mode"},"sceneLighting":false,"audioPlay":false,"sceneViewState":{"showFog":true,"showMaterialUpdate":false,"showSkybox":false,"showFlares":true,"showImageEffects":true,"showParticleSystems":true},"in2DMode":false,"pivot":{"x":-0.035655975341796878,"y":3.588434934616089,"z":0.8375911712646484},"rotation":{"x":-0.013102052733302117,"y":-0.9852483868598938,"z":0.14619509875774384,"w":-0.08830979466438294},"size":55.31318283081055,"orthographic":false}