{"cameraMode":{"drawMode":0,"name":"Shaded","section":"Shading Mode"},"sceneLighting":true,"audioPlay":false,"sceneViewState":{"showFog":true,"showMaterialUpdate":false,"showSkybox":true,"showFlares":true,"showImageEffects":true,"showParticleSystems":true},"in2DMode":false,"pivot":{"x":-30.814685821533204,"y":3.4829959869384767,"z":1.3400206565856934},"rotation":{"x":0.13637675344944,"y":-0.7502043843269348,"z":0.16343346238136292,"w":0.626010537147522},"size":1.6493053436279297,"orthographic":false}