{"cameraMode":{"drawMode":0,"name":"Shaded","section":"Shading Mode"},"sceneLighting":true,"audioPlay":false,"sceneViewState":{"showFog":true,"showMaterialUpdate":false,"showSkybox":true,"showFlares":true,"showImageEffects":true,"showParticleSystems":true},"in2DMode":false,"pivot":{"x":-688.4083862304688,"y":-20.17344093322754,"z":133.7481231689453},"rotation":{"x":0.013222157023847103,"y":-0.634594202041626,"z":0.010857734829187394,"w":0.7726720571517944},"size":343.14599609375,"orthographic":false}