{"cameraMode":{"drawMode":0,"name":"Shaded","section":"Shading Mode"},"sceneLighting":false,"audioPlay":false,"sceneViewState":{"showFog":true,"showMaterialUpdate":false,"showSkybox":false,"showFlares":true,"showImageEffects":true,"showParticleSystems":true},"in2DMode":false,"pivot":{"x":0.5739984512329102,"y":12.45577335357666,"z":-0.1856689453125},"rotation":{"x":0.114071786403656,"y":-0.5917485356330872,"z":0.0851057767868042,"w":0.7934958934783936},"size":36.04951858520508,"orthographic":false}