{"cameraMode":{"drawMode":0,"name":"Shaded","section":"Shading Mode"},"sceneLighting":false,"audioPlay":false,"sceneViewState":{"showFog":true,"showMaterialUpdate":false,"showSkybox":false,"showFlares":true,"showImageEffects":true,"showParticleSystems":true},"in2DMode":false,"pivot":{"x":957.0545043945313,"y":9.136359214782715,"z":-368.35498046875},"rotation":{"x":0.019957823678851129,"y":-0.8655469417572022,"z":0.4992640018463135,"w":0.03456941992044449},"size":20.96742820739746,"orthographic":false}